"0","tidySEM::get_layout(ModMedOnA_fit)"
"1","    "
"1"," [,1]    "
"1"," [,2]               "
"1"," [,3]       "
"1"," [,4]     "
"1","
[1,]"
"1"," NA      "
"1"," ""CENTERING:TradPed"""
"1"," NA         "
"1"," NA       "
"1","
[2,]"
"1"," NA      "
"1"," NA                 "
"1"," NA         "
"1"," NA       "
"1","
[3,]"
"1"," ""Valued"""
"1"," ""SRPed""            "
"1"," ""CENTERING"""
"1"," ""TradPed"""
"1","
"
"1","attr(,""class"")"
"1","
"
"1","[1]"
"1"," ""layout_matrix"""
"1"," ""matrix""       "
"1"," ""array""        "
"1","
"
